-- CLIENTS

INSERT INTO Client (id_client, nom_client, prenom_client, email_client, telephone_client, adresse_client) VALUES
(1,'Nom1','Prenom1','user1@mail.com',100000001,'Adresse 1'),
(2,'Nom2','Prenom2','user2@mail.com',100000002,'Adresse 2'),
(3,'Nom3','Prenom3','user3@mail.com',100000003,'Adresse 3'),
(4,'Nom4','Prenom4','user4@mail.com',100000004,'Adresse 4'),
(5,'Nom5','Prenom5','user5@mail.com',100000005,'Adresse 5'),
(6,'Nom6','Prenom6','user6@mail.com',100000006,'Adresse 6'),
(7,'Nom7','Prenom7','user7@mail.com',100000007,'Adresse 7'),
(8,'Nom8','Prenom8','user8@mail.com',100000008,'Adresse 8'),
(9,'Nom9','Prenom9','user9@mail.com',100000009,'Adresse 9'),
(10,'Nom10','Prenom10','user10@mail.com',100000010,'Adresse 10'),
(11,'Nom11','Prenom11','user11@mail.com',100000011,'Adresse 11'),
(12,'Nom12','Prenom12','user12@mail.com',100000012,'Adresse 12'),
(13,'Nom13','Prenom13','user13@mail.com',100000013,'Adresse 13'),
(14,'Nom14','Prenom14','user14@mail.com',100000014,'Adresse 14'),
(15,'Nom15','Prenom15','user15@mail.com',100000015,'Adresse 15'),
(16,'Nom16','Prenom16','user16@mail.com',100000016,'Adresse 16'),
(17,'Nom17','Prenom17','user17@mail.com',100000017,'Adresse 17'),
(18,'Nom18','Prenom18','user18@mail.com',100000018,'Adresse 18'),
(19,'Nom19','Prenom19','user19@mail.com',100000019,'Adresse 19'),
(20,'Nom20','Prenom20','user20@mail.com',100000020,'Adresse 20'),
(21,'Nom21','Prenom21','user21@mail.com',100000021,'Adresse 21'),
(22,'Nom22','Prenom22','user22@mail.com',100000022,'Adresse 22'),
(23,'Nom23','Prenom23','user23@mail.com',100000023,'Adresse 23'),
(24,'Nom24','Prenom24','user24@mail.com',100000024,'Adresse 24'),
(25,'Nom25','Prenom25','user25@mail.com',100000025,'Adresse 25'),
(26,'Nom26','Prenom26','user26@mail.com',100000026,'Adresse 26'),
(27,'Nom27','Prenom27','user27@mail.com',100000027,'Adresse 27'),
(28,'Nom28','Prenom28','user28@mail.com',100000028,'Adresse 28'),
(29,'Nom29','Prenom29','user29@mail.com',100000029,'Adresse 29'),
(30,'Nom30','Prenom30','user30@mail.com',100000030,'Adresse 30'),
(31,'Nom31','Prenom31','user31@mail.com',100000031,'Adresse 31'),
(32,'Nom32','Prenom32','user32@mail.com',100000032,'Adresse 32'),
(33,'Nom33','Prenom33','user33@mail.com',100000033,'Adresse 33'),
(34,'Nom34','Prenom34','user34@mail.com',100000034,'Adresse 34'),
(35,'Nom35','Prenom35','user35@mail.com',100000035,'Adresse 35'),
(36,'Nom36','Prenom36','user36@mail.com',100000036,'Adresse 36'),
(37,'Nom37','Prenom37','user37@mail.com',100000037,'Adresse 37'),
(38,'Nom38','Prenom38','user38@mail.com',100000038,'Adresse 38'),
(39,'Nom39','Prenom39','user39@mail.com',100000039,'Adresse 39'),
(40,'Nom40','Prenom40','user40@mail.com',100000040,'Adresse 40'),
(41,'Nom41','Prenom41','user41@mail.com',100000041,'Adresse 41'),
(42,'Nom42','Prenom42','user42@mail.com',100000042,'Adresse 42'),
(43,'Nom43','Prenom43','user43@mail.com',100000043,'Adresse 43'),
(44,'Nom44','Prenom44','user44@mail.com',100000044,'Adresse 44'),
(45,'Nom45','Prenom45','user45@mail.com',100000045,'Adresse 45'),
(46,'Nom46','Prenom46','user46@mail.com',100000046,'Adresse 46'),
(47,'Nom47','Prenom47','user47@mail.com',100000047,'Adresse 47'),
(48,'Nom48','Prenom48','user48@mail.com',100000048,'Adresse 48'),
(49,'Nom49','Prenom49','user49@mail.com',100000049,'Adresse 49'),
(50,'Nom50','Prenom50','user50@mail.com',100000050,'Adresse 50'),
(51,'Nom51','Prenom51','user51@mail.com',100000051,'Adresse 51'),
(52,'Nom52','Prenom52','user52@mail.com',100000052,'Adresse 52'),
(53,'Nom53','Prenom53','user53@mail.com',100000053,'Adresse 53'),
(54,'Nom54','Prenom54','user54@mail.com',100000054,'Adresse 54'),
(55,'Nom55','Prenom55','user55@mail.com',100000055,'Adresse 55'),
(56,'Nom56','Prenom56','user56@mail.com',100000056,'Adresse 56'),
(57,'Nom57','Prenom57','user57@mail.com',100000057,'Adresse 57'),
(58,'Nom58','Prenom58','user58@mail.com',100000058,'Adresse 58'),
(59,'Nom59','Prenom59','user59@mail.com',100000059,'Adresse 59'),
(60,'Nom60','Prenom60','user60@mail.com',100000060,'Adresse 60'),
(61,'Nom61','Prenom61','user61@mail.com',100000061,'Adresse 61'),
(62,'Nom62','Prenom62','user62@mail.com',100000062,'Adresse 62'),
(63,'Nom63','Prenom63','user63@mail.com',100000063,'Adresse 63'),
(64,'Nom64','Prenom64','user64@mail.com',100000064,'Adresse 64'),
(65,'Nom65','Prenom65','user65@mail.com',100000065,'Adresse 65'),
(66,'Nom66','Prenom66','user66@mail.com',100000066,'Adresse 66'),
(67,'Nom67','Prenom67','user67@mail.com',100000067,'Adresse 67'),
(68,'Nom68','Prenom68','user68@mail.com',100000068,'Adresse 68'),
(69,'Nom69','Prenom69','user69@mail.com',100000069,'Adresse 69'),
(70,'Nom70','Prenom70','user70@mail.com',100000070,'Adresse 70'),
(71,'Nom71','Prenom71','user71@mail.com',100000071,'Adresse 71'),
(72,'Nom72','Prenom72','user72@mail.com',100000072,'Adresse 72'),
(73,'Nom73','Prenom73','user73@mail.com',100000073,'Adresse 73'),
(74,'Nom74','Prenom74','user74@mail.com',100000074,'Adresse 74'),
(75,'Nom75','Prenom75','user75@mail.com',100000075,'Adresse 75'),
(76,'Nom76','Prenom76','user76@mail.com',100000076,'Adresse 76'),
(77,'Nom77','Prenom77','user77@mail.com',100000077,'Adresse 77'),
(78,'Nom78','Prenom78','user78@mail.com',100000078,'Adresse 78'),
(79,'Nom79','Prenom79','user79@mail.com',100000079,'Adresse 79'),
(80,'Nom80','Prenom80','user80@mail.com',100000080,'Adresse 80'),
(81,'Nom81','Prenom81','user81@mail.com',100000081,'Adresse 81'),
(82,'Nom82','Prenom82','user82@mail.com',100000082,'Adresse 82'),
(83,'Nom83','Prenom83','user83@mail.com',100000083,'Adresse 83'),
(84,'Nom84','Prenom84','user84@mail.com',100000084,'Adresse 84'),
(85,'Nom85','Prenom85','user85@mail.com',100000085,'Adresse 85'),
(86,'Nom86','Prenom86','user86@mail.com',100000086,'Adresse 86'),
(87,'Nom87','Prenom87','user87@mail.com',100000087,'Adresse 87'),
(88,'Nom88','Prenom88','user88@mail.com',100000088,'Adresse 88'),
(89,'Nom89','Prenom89','user89@mail.com',100000089,'Adresse 89'),
(90,'Nom90','Prenom90','user90@mail.com',100000090,'Adresse 90');

-- FOURNISSEURS
INSERT INTO Fournisseur (id_fournisseur, nom_fournisseur, contact_fournisseur, pays_fournisseur, adresse_fournisseur) VALUES
(1,'Fournisseur1',300000001,'Pays1','AdresseF1'),
(2,'Fournisseur2',300000002,'Pays2','AdresseF2'),
(3,'Fournisseur3',300000003,'Pays3','AdresseF3'),
(4,'Fournisseur4',300000004,'Pays4','AdresseF4'),
(5,'Fournisseur5',300000005,'Pays5','AdresseF5'),
(6,'Fournisseur6',300000006,'Pays6','AdresseF6'),
(7,'Fournisseur7',300000007,'Pays7','AdresseF7'),
(8,'Fournisseur8',300000008,'Pays8','AdresseF8'),
(9,'Fournisseur9',300000009,'Pays9','AdresseF9'),
(10,'Fournisseur10',300000010,'Pays10','AdresseF10'),
(11,'Fournisseur11',300000011,'Pays11','AdresseF11'),
(12,'Fournisseur12',300000012,'Pays12','AdresseF12'),
(13,'Fournisseur13',300000013,'Pays13','AdresseF13'),
(14,'Fournisseur14',300000014,'Pays14','AdresseF14'),
(15,'Fournisseur15',300000015,'Pays15','AdresseF15');

-- VEHICULES
INSERT INTO Vehicule (id_vehicule, marque, prix_achat, prix_vente, id_vehicule_1) VALUES
(1,'Toyota',31045.94,40359.72,25),
(2,'Ford',20325.54,26423.2,1),
(3,'Toyota',12321.72,16018.24,1),
(4,'Audi',16500.65,21450.85,2),
(5,'Ford',22478.86,29222.52,13),
(6,'Toyota',21179.34,27533.14,3),
(7,'Mercedes',9177.26,11930.44,12),
(8,'Honda',21023.2,27330.16,7),
(9,'Honda',17361.55,22570.01,2),
(10,'Nissan',33062.1,42980.73,4),
(11,'Ford',12097.46,15726.7,14),
(12,'Audi',22257.56,28934.83,1),
(13,'Toyota',5795.28,7533.86,26),
(14,'Audi',35985.29,46780.88,3),
(15,'Nissan',28362.63,36871.42,3),
(16,'BMW',26818.65,34864.25,8),
(17,'Audi',17607.37,22889.58,11),
(18,'Ford',36758.44,47785.97,10),
(19,'Peugeot',29934.95,38915.44,5),
(20,'Toyota',33444.34,43477.64,10),
(21,'Mercedes',15555.94,20222.72,7),
(22,'Toyota',25711.74,33425.26,12),
(23,'Audi',19637.13,25528.27,2),
(24,'Honda',25326.03,32923.84,12),
(25,'Audi',31047.57,40361.84,2),
(26,'Audi',24332.48,31632.22,3),
(27,'BMW',22355.94,29062.72,16),
(28,'BMW',13484.71,17530.12,27),
(29,'Peugeot',22646.67,29440.67,22),
(30,'BMW',21433.31,27863.3,23),
(31,'Nissan',38531.73,50091.25,11),
(32,'Toyota',31181.3,40535.69,17),
(33,'Ford',33357.05,43364.17,19),
(34,'Audi',5602.14,7282.78,31),
(35,'Audi',14382.55,18697.31,4),
(36,'Toyota',34181.83,44436.38,21),
(37,'Toyota',22918.52,29794.08,18),
(38,'Nissan',10669.93,13870.91,34),
(39,'Honda',7358.56,9566.13,4),
(40,'Audi',8805.6,11447.28,6),
(41,'Ford',20578.62,26752.21,25),
(42,'BMW',32244.57,41917.94,12),
(43,'Peugeot',17939.5,23321.35,18),
(44,'Peugeot',6711.42,8724.85,18),
(45,'Mercedes',18233.64,23703.73,13),
(46,'Honda',36538.99,47500.69,3),
(47,'Peugeot',8635.48,11226.12,34),
(48,'Peugeot',24030.88,31240.14,3),
(49,'Ford',7944.05,10327.27,21),
(50,'BMW',27899.32,36269.12,19),
(51,'BMW',9987.39,12983.61,35),
(52,'Audi',27683.21,35988.17,33),
(53,'Peugeot',21341.64,27744.13,46),
(54,'Audi',38648.44,50242.97,7),
(55,'Audi',34920.31,45396.4,16),
(56,'Peugeot',16562.76,21531.59,6),
(57,'Peugeot',31335.64,40736.33,25),
(58,'Ford',7860.19,10218.25,13),
(59,'Honda',26674.73,34677.15,38),
(60,'Toyota',35202.38,45763.09,57),
(61,'Toyota',36450.46,47385.6,29),
(62,'Honda',14530.94,18890.22,40),
(63,'BMW',15587.15,20263.3,46),
(64,'Mercedes',35097.02,45626.13,58),
(65,'Toyota',7407.33,9629.53,57),
(66,'BMW',8911.75,11585.27,17),
(67,'Peugeot',18591.7,24169.21,63),
(68,'BMW',33143.45,43086.49,45),
(69,'Toyota',32376.45,42089.39,21),
(70,'Ford',25480.39,33124.51,59),
(71,'Mercedes',38680.49,50284.64,64),
(72,'Peugeot',20180.24,26234.31,32),
(73,'Audi',14977.18,19470.33,72),
(74,'Mercedes',28259.87,36737.83,60),
(75,'Peugeot',15509.79,20162.73,69),
(76,'BMW',14645.2,19038.76,58),
(77,'Audi',25395.42,33014.05,41),
(78,'Honda',37076.46,48199.4,23),
(79,'Ford',14325.29,18622.88,57),
(80,'Toyota',29020.22,37726.29,25),
(81,'BMW',30242.52,39315.28,69),
(82,'Ford',34480.47,44824.61,23),
(83,'BMW',26748.9,34773.57,52),
(84,'Nissan',13959.06,18146.78,83),
(85,'Nissan',19161.13,24909.47,66),
(86,'BMW',15737.71,20459.02,37),
(87,'Toyota',6850.84,8906.09,51),
(88,'Peugeot',15951.98,20737.57,12),
(89,'Ford',37206.62,48368.61,10),
(90,'BMW',6657.28,8654.46,6),
(91,'Peugeot',37137.77,48279.1,19),
(92,'Honda',12898.08,16767.5,22),
(93,'Audi',9610.88,12494.14,16),
(94,'Ford',10804.79,14046.23,47),
(95,'Ford',17768.77,23099.4,65),
(96,'Mercedes',34569.56,44940.43,19),
(97,'Nissan',26386.57,34302.54,46),
(98,'Ford',22349.68,29054.58,59),
(99,'BMW',20254.2,26330.46,85),
(100,'Nissan',12339.9,16041.87,43),
(101,'Honda',18226.8,23694.84,29),
(102,'BMW',23271.54,30253.0,88),
(103,'Peugeot',11640.46,15132.6,19),
(104,'BMW',18348.05,23852.47,14),
(105,'Toyota',25902.37,33673.08,77),
(106,'Mercedes',20711.16,26924.51,15),
(107,'Honda',32759.59,42587.47,91),
(108,'Ford',23362.78,30371.61,32),
(109,'Honda',13941.45,18123.89,29),
(110,'Honda',23054.63,29971.02,79),
(111,'Audi',33159.36,43107.17,106),
(112,'Honda',36831.32,47880.72,107),
(113,'Nissan',24943.86,32427.02,40),
(114,'Nissan',28451.61,36987.09,2),
(115,'Peugeot',6555.66,8522.36,25),
(116,'Nissan',24973.79,32465.93,90),
(117,'Audi',7602.41,9883.13,58),
(118,'Ford',23363.31,30372.3,19),
(119,'Honda',29705.14,38616.68,110),
(120,'BMW',28926.36,37604.27,54),
(121,'Toyota',9473.71,12315.82,17),
(122,'Mercedes',33000.91,42901.18,114),
(123,'Mercedes',18438.78,23970.41,79),
(124,'Ford',19041.03,24753.34,20),
(125,'Ford',39050.99,50766.29,115),
(126,'Audi',39045.6,50759.28,114),
(127,'Toyota',9696.26,12605.14,121),
(128,'BMW',10744.2,13967.46,20),
(129,'Ford',5926.84,7704.89,119),
(130,'Honda',12617.53,16402.79,23),
(131,'Ford',5968.91,7759.58,4),
(132,'Nissan',25711.74,33425.26,131),
(133,'Honda',30715.04,39929.55,76),
(134,'BMW',31731.35,41250.75,33),
(135,'Ford',17495.98,22744.77,15),
(136,'Mercedes',20932.25,27211.92,121),
(137,'Toyota',10590.55,13767.72,82),
(138,'Mercedes',34200.69,44460.9,37),
(139,'Mercedes',8309.39,10802.21,4),
(140,'Honda',30950.2,40235.26,49),
(141,'Ford',32806.37,42648.28,48),
(142,'Ford',16025.06,20832.58,128),
(143,'Audi',38371.02,49882.33,106),
(144,'Toyota',25574.72,33247.14,109),
(145,'Ford',38879.27,50543.05,111),
(146,'Peugeot',16945.3,22028.89,14),
(147,'Audi',28206.18,36668.03,60),
(148,'Nissan',33199.7,43159.61,133),
(149,'BMW',33006.34,42908.24,24),
(150,'Mercedes',38182.92,49637.8,118);

-- COMMANDES
INSERT INTO Commande (id_commande, date_commande, montant_total, id_client) VALUES
('CMD001', '2025-01-02', 16369.2, 12),
('CMD002', '2025-01-03', 24254.5, 67),
('CMD003', '2025-01-04', 21295.37, 33),
('CMD004', '2025-01-05', 33699.22, 9),
('CMD005', '2025-01-06', 23397.37, 44),
('CMD006', '2025-01-07', 35267.75, 32),
('CMD007', '2025-01-08', 42529.71, 25),
('CMD008', '2025-01-09', 22846.11, 19),
('CMD009', '2025-01-10', 21904.68, 27),
('CMD010', '2025-01-11', 23674.73, 60),
('CMD011', '2025-01-12', 40070.15, 18),
('CMD012', '2025-01-13', 22803.71, 45),
('CMD013', '2025-01-14', 29005.9, 69),
('CMD014', '2025-01-15', 38576.08, 36),
('CMD015', '2025-01-16', 28513.5, 44),
('CMD016', '2025-01-17', 27047.74, 21),
('CMD017', '2025-01-18', 23968.15, 25),
('CMD018', '2025-01-19', 40279.85, 13),
('CMD019', '2025-01-20', 47260.94, 33),
('CMD020', '2025-01-21', 38791.72, 30),
('CMD021', '2025-01-22', 18630.1, 87),
('CMD022', '2025-01-23', 40751.71, 57),
('CMD023', '2025-01-24', 17804.7, 33),
('CMD024', '2025-01-25', 24229.93, 17),
('CMD025', '2025-01-26', 12791.52, 7),
('CMD026', '2025-01-27', 39814.33, 45),
('CMD027', '2025-01-28', 20937.92, 26),
('CMD028', '2025-01-29', 26256.67, 56),
('CMD029', '2025-01-30', 40597.77, 4),
('CMD030', '2025-01-31', 10857.37, 84),
('CMD031', '2025-02-01', 31952.7, 87),
('CMD032', '2025-02-02', 26627.03, 19),
('CMD033', '2025-02-03', 48369.06, 24),
('CMD034', '2025-02-04', 18049.57, 40),
('CMD035', '2025-02-05', 42418.92, 78),
('CMD036', '2025-02-06', 43145.3, 49),
('CMD037', '2025-02-07', 19421.6, 80),
('CMD038', '2025-02-08', 28345.24, 3),
('CMD039', '2025-02-09', 30237.12, 41),
('CMD040', '2025-02-10', 28284.81, 38),
('CMD041', '2025-02-11', 19549.25, 69),
('CMD042', '2025-02-12', 45506.47, 15),
('CMD043', '2025-02-13', 25720.77, 82),
('CMD044', '2025-02-14', 44670.73, 90),
('CMD045', '2025-02-15', 42203.97, 76),
('CMD046', '2025-02-16', 13467.53, 90),
('CMD047', '2025-02-17', 38183.34, 83),
('CMD048', '2025-02-18', 13028.0, 75),
('CMD049', '2025-02-19', 29958.38, 55),
('CMD050', '2025-02-20', 25501.23, 52),
('CMD051', '2025-02-21', 48714.7, 73),
('CMD052', '2025-02-22', 19548.38, 53),
('CMD053', '2025-02-23', 20017.43, 72),
('CMD054', '2025-02-24', 24692.99, 62),
('CMD055', '2025-02-25', 46632.06, 63),
('CMD056', '2025-02-26', 22839.74, 26),
('CMD057', '2025-02-27', 25895.78, 83),
('CMD058', '2025-02-28', 20516.03, 35),
('CMD059', '2025-03-01', 23919.3, 85),
('CMD060', '2025-03-02', 19851.67, 29),
('CMD061', '2025-03-03', 44566.15, 4),
('CMD062', '2025-03-04', 10532.1, 50),
('CMD063', '2025-03-05', 35277.77, 66),
('CMD064', '2025-03-06', 39574.14, 85),
('CMD065', '2025-03-07', 32729.6, 7),
('CMD066', '2025-03-08', 28000.92, 83),
('CMD067', '2025-03-09', 10442.88, 4),
('CMD068', '2025-03-10', 33545.81, 77),
('CMD069', '2025-03-11', 35756.07, 62),
('CMD070', '2025-03-12', 40328.96, 79),
('CMD071', '2025-03-13', 25915.07, 5),
('CMD072', '2025-03-14', 17022.8, 86),
('CMD073', '2025-03-15', 32257.73, 18),
('CMD074', '2025-03-16', 28617.23, 33),
('CMD075', '2025-03-17', 37401.49, 9),
('CMD076', '2025-03-18', 35175.89, 55),
('CMD077', '2025-03-19', 14250.26, 39),
('CMD078', '2025-03-20', 20523.26, 78),
('CMD079', '2025-03-21', 47052.64, 50),
('CMD080', '2025-03-22', 49954.47, 17),
('CMD081', '2025-03-23', 34939.01, 48),
('CMD082', '2025-03-24', 18430.63, 83),
('CMD083', '2025-03-25', 23707.34, 55),
('CMD084', '2025-03-26', 17897.55, 73),
('CMD085', '2025-03-27', 23584.57, 67),
('CMD086', '2025-03-28', 10372.94, 23),
('CMD087', '2025-03-29', 37794.79, 24),
('CMD088', '2025-03-30', 49415.07, 10),
('CMD089', '2025-03-31', 37981.2, 57),
('CMD090', '2025-04-01', 35183.21, 87),
('CMD091', '2025-04-02', 48481.64, 28),
('CMD092', '2025-04-03', 27963.05, 71),
('CMD093', '2025-04-04', 43224.23, 5),
('CMD094', '2025-04-05', 25224.45, 66),
('CMD095', '2025-04-06', 13242.09, 42),
('CMD096', '2025-04-07', 30119.81, 10),
('CMD097', '2025-04-08', 40732.87, 55),
('CMD098', '2025-04-09', 41718.06, 43),
('CMD099', '2025-04-10', 16837.7, 18),
('CMD100', '2025-04-11', 11942.29, 42);

-- PAIEMENTS
INSERT INTO Paiement (id_paiement, date_paiement, id_commande) VALUES
(1, '2025-01-07', 'CMD001'),
(2, '2025-01-08', 'CMD002'),
(3, '2025-01-09', 'CMD003'),
(4, '2025-01-10', 'CMD004'),
(5, '2025-01-11', 'CMD005'),
(6, '2025-01-12', 'CMD006'),
(7, '2025-01-13', 'CMD007'),
(8, '2025-01-14', 'CMD008'),
(9, '2025-01-15', 'CMD009'),
(10, '2025-01-16', 'CMD010'),
(11, '2025-01-17', 'CMD011'),
(12, '2025-01-18', 'CMD012'),
(13, '2025-01-19', 'CMD013'),
(14, '2025-01-20', 'CMD014'),
(15, '2025-01-21', 'CMD015'),
(16, '2025-01-22', 'CMD016'),
(17, '2025-01-23', 'CMD017'),
(18, '2025-01-24', 'CMD018'),
(19, '2025-01-25', 'CMD019'),
(20, '2025-01-26', 'CMD020'),
(21, '2025-01-27', 'CMD021'),
(22, '2025-01-28', 'CMD022'),
(23, '2025-01-29', 'CMD023'),
(24, '2025-01-30', 'CMD024'),
(25, '2025-01-31', 'CMD025'),
(26, '2025-02-01', 'CMD026'),
(27, '2025-02-02', 'CMD027'),
(28, '2025-02-03', 'CMD028'),
(29, '2025-02-04', 'CMD029'),
(30, '2025-02-05', 'CMD030'),
(31, '2025-02-06', 'CMD031'),
(32, '2025-02-07', 'CMD032'),
(33, '2025-02-08', 'CMD033'),
(34, '2025-02-09', 'CMD034'),
(35, '2025-02-10', 'CMD035'),
(36, '2025-02-11', 'CMD036'),
(37, '2025-02-12', 'CMD037'),
(38, '2025-02-13', 'CMD038'),
(39, '2025-02-14', 'CMD039'),
(40, '2025-02-15', 'CMD040'),
(41, '2025-02-16', 'CMD041'),
(42, '2025-02-17', 'CMD042'),
(43, '2025-02-18', 'CMD043'),
(44, '2025-02-19', 'CMD044'),
(45, '2025-02-20', 'CMD045'),
(46, '2025-02-21', 'CMD046'),
(47, '2025-02-22', 'CMD047'),
(48, '2025-02-23', 'CMD048'),
(49, '2025-02-24', 'CMD049'),
(50, '2025-02-25', 'CMD050'),
(51, '2025-02-26', 'CMD051'),
(52, '2025-02-27', 'CMD052'),
(53, '2025-02-28', 'CMD053'),
(54, '2025-03-01', 'CMD054'),
(55, '2025-03-02', 'CMD055'),
(56, '2025-03-03', 'CMD056'),
(57, '2025-03-04', 'CMD057'),
(58, '2025-03-05', 'CMD058'),
(59, '2025-03-06', 'CMD059'),
(60, '2025-03-07', 'CMD060'),
(61, '2025-03-08', 'CMD061'),
(62, '2025-03-09', 'CMD062'),
(63, '2025-03-10', 'CMD063'),
(64, '2025-03-11', 'CMD064'),
(65, '2025-03-12', 'CMD065'),
(66, '2025-03-13', 'CMD066'),
(67, '2025-03-14', 'CMD067'),
(68, '2025-03-15', 'CMD068'),
(69, '2025-03-16', 'CMD069'),
(70, '2025-03-17', 'CMD070'),
(71, '2025-03-18', 'CMD071'),
(72, '2025-03-19', 'CMD072'),
(73, '2025-03-20', 'CMD073'),
(74, '2025-03-21', 'CMD074'),
(75, '2025-03-22', 'CMD075'),
(76, '2025-03-23', 'CMD076'),
(77, '2025-03-24', 'CMD077'),
(78, '2025-03-25', 'CMD078'),
(79, '2025-03-26', 'CMD079'),
(80, '2025-03-27', 'CMD080'),
(81, '2025-03-28', 'CMD081'),
(82, '2025-03-29', 'CMD082'),
(83, '2025-03-30', 'CMD083'),
(84, '2025-03-31', 'CMD084'),
(85, '2025-04-01', 'CMD085'),
(86, '2025-04-02', 'CMD086'),
(87, '2025-04-03', 'CMD087'),
(88, '2025-04-04', 'CMD088'),
(89, '2025-04-05', 'CMD089'),
(90, '2025-04-06', 'CMD090'),
(91, '2025-04-07', 'CMD091'),
(92, '2025-04-08', 'CMD092'),
(93, '2025-04-09', 'CMD093'),
(94, '2025-04-10', 'CMD094'),
(95, '2025-04-11', 'CMD095'),
(96, '2025-04-12', 'CMD096'),
(97, '2025-04-13', 'CMD097'),
(98, '2025-04-14', 'CMD098'),
(99, '2025-04-15', 'CMD099'),
(100, '2025-04-16', 'CMD100');

-- LIVRAISONS
INSERT INTO Livraison (id_fournisseur, id_vehicule, id_commande, date_livraison) VALUES
(15,84,'CMD084','2025-05-20'),
(4,83,'CMD083','2025-03-23'),
(8,133,'CMD059','2025-05-24'),
(13,77,'CMD091','2025-07-12'),
(14,66,'CMD050','2025-02-12'),
(6,94,'CMD061','2025-07-04'),
(7,138,'CMD067','2025-06-29'),
(5,31,'CMD038','2025-04-26'),
(15,42,'CMD079','2025-01-13'),
(11,59,'CMD086','2025-04-15'),
(9,135,'CMD067','2025-05-22'),
(12,2,'CMD047','2025-05-08'),
(8,91,'CMD048','2025-03-12'),
(1,56,'CMD085','2025-02-25'),
(15,70,'CMD094','2025-06-19'),
(3,112,'CMD031','2025-07-14'),
(13,80,'CMD098','2025-01-31'),
(13,59,'CMD057','2025-05-12'),
(10,95,'CMD045','2025-03-05'),
(5,46,'CMD016','2025-05-09'),
(13,145,'CMD080','2025-04-10'),
(9,67,'CMD027','2025-03-10'),
(9,80,'CMD081','2025-06-09'),
(14,85,'CMD029','2025-01-27'),
(6,85,'CMD005','2025-03-30'),
(14,32,'CMD091','2025-02-20'),
(2,26,'CMD031','2025-04-13'),
(6,144,'CMD052','2025-02-10'),
(2,11,'CMD042','2025-06-04'),
(6,15,'CMD058','2025-04-27'),
(13,134,'CMD025','2025-01-27'),
(11,118,'CMD059','2025-05-06'),
(11,116,'CMD087','2025-07-04'),
(7,137,'CMD059','2025-02-14'),
(2,33,'CMD062','2025-04-30'),
(3,57,'CMD012','2025-03-30'),
(5,78,'CMD023','2025-02-16'),
(14,31,'CMD032','2025-06-06'),
(5,17,'CMD072','2025-07-10'),
(12,111,'CMD004','2025-07-08'),
(10,61,'CMD009','2025-05-08'),
(15,109,'CMD077','2025-05-20'),
(15,55,'CMD015','2025-05-22'),
(1,97,'CMD022','2025-03-23'),
(8,29,'CMD099','2025-05-27'),
(9,109,'CMD053','2025-07-13'),
(1,92,'CMD081','2025-01-23'),
(1,41,'CMD086','2025-07-12'),
(6,16,'CMD100','2025-05-27'),
(10,46,'CMD065','2025-07-10'),
(4,40,'CMD045','2025-04-10'),
(14,33,'CMD047','2025-04-26'),
(5,57,'CMD021','2025-06-16'),
(15,39,'CMD047','2025-05-01'),
(8,106,'CMD071','2025-01-20'),
(4,82,'CMD020','2025-06-20'),
(4,66,'CMD094','2025-03-12'),
(11,17,'CMD081','2025-02-05'),
(14,124,'CMD004','2025-07-02'),
(10,130,'CMD085','2025-04-26'),
(7,31,'CMD031','2025-07-08'),
(10,21,'CMD020','2025-02-18'),
(4,47,'CMD084','2025-03-31'),
(14,115,'CMD050','2025-04-23'),
(1,87,'CMD051','2025-05-12'),
(2,122,'CMD061','2025-04-14'),
(14,56,'CMD045','2025-05-24'),
(2,135,'CMD020','2025-04-22'),
(1,109,'CMD072','2025-06-03'),
(8,131,'CMD047','2025-07-15');
